{

  "format_version": "1.17.10",
  "minecraft:item": {

    "description": {"identifier": "lian:item.1", "category":"Equipment"},
    "components": {

      "tag:fist": {},
      "tag:ui": {},
      "minecraft:icon": {"texture": "item.1"},
      "minecraft:display_name": {"value": "§e§lSukuna's finger."},
      "minecraft:chargeable":{"movement_modifier": 0.0},
      "minecraft:render_offsets": {"main_hand": {"first_person": {"scale":[0, 0, 0]},"third_person": {"scale":[0, 0, 0]}},"off_hand": {"first_person": {"scale":[0, 0, 0]},"third_person": {"scale":[0, 0, 0]}}},
      "minecraft:max_stack_size": 1


    }


  }
  

}