{
  
  "format_version": "1.17.10",
  "minecraft:item": {
    
    "description": {
      
      "identifier": "lian:weapon.1",
      "category":"equipment"
      
      
    },
    "components": {

      "tag:fist": {},
      "tag:ui": {},
      "tag:weapon.1": {},
      "minecraft:chargeable":{"movement_modifier": 0.0},
      "minecraft:damage": 7,
      "minecraft:icon": {"texture":"weapon.1"},
      "minecraft:display_name": {"value":"§e§lInverted spear of the heavens §r§7[Press] -§b 3§r§7 reach blocks."},
      "tag:weapon": {},
      "minecraft:weapon": {},
      "minecraft:render_offsets": {"main_hand": {"first_person": {"scale":[0, 0, 0]},"third_person": {"scale":[0, 0, 0]}},"off_hand": {"first_person": {"scale":[0, 0, 0]},"third_person": {"scale":[0, 0, 0]}}},
      "minecraft:max_stack_size": 1
      
      
    }
    
    
  }
  
  
}