{
  
  "format_version": "1.17.10",
  "minecraft:item": {
    
    "description": {
      
      "identifier": "lian:weapon.12.bloqued",
      "category":"commands"
      
      
    },
    "components": {

      "tag:fist": {},
      "tag:ui": {},
      "tag:weapon.12": {},
      "minecraft:chargeable":{"movement_modifier": 0},
      "minecraft:damage": 2,
      "minecraft:icon": {"texture":"weapon.12.bloqued"},
      "minecraft:display_name": {"value":"weapon 12"},
      "tag:weapon": {},
      "minecraft:weapon": {},
      "minecraft:render_offsets": {"main_hand": {"first_person": {"scale":[0, 0, 0]},"third_person": {"scale":[0, 0, 0]}},"off_hand": {"first_person": {"scale":[0, 0, 0]},"third_person": {"scale":[0, 0, 0]}}},
      "minecraft:max_stack_size": 1
      
      
    }
    
    
  }
  
  
}