{
  
  "format_version": "1.17.10",
  "minecraft:item": {
    
    "description": {
      
      "identifier": "lian:weapon.4",
      "category":"equipment"
      
      
    },
    "components": {

      "tag:fist": {},
      "tag:ui": {},
      "tag:weapon.4": {},
      "minecraft:chargeable":{"movement_modifier": 0.0},
      "minecraft:damage": 4,
      "minecraft:icon": {"texture":"weapon.4"},
      "minecraft:display_name": {"value":"§e§lBlack Sword §r§7[Press] -§b 5§r§7 reach blocks."},
      "tag:weapon": {},
      "minecraft:weapon": {},
      "minecraft:render_offsets": {"main_hand": {"first_person": {"scale":[0, 0, 0]},"third_person": {"scale":[0, 0, 0]}},"off_hand": {"first_person": {"scale":[0, 0, 0]},"third_person": {"scale":[0, 0, 0]}}},
      "minecraft:max_stack_size": 1
      
      
    }
    
    
  }
  
  
}