{
  
  "format_version": "1.17.10",
  "minecraft:item": {
    
    "description": {
      
      "identifier": "lian:weapon.8",
      "category":"commands"
      
      
    },
    "components": {

      "tag:fist": {},
      "tag:ui": {},
      "tag:weapon.8": {},
      "minecraft:chargeable":{"movement_modifier": 0.0},
      "minecraft:damage": 2,
      "minecraft:icon": {"texture":"weapon.8"},
      "minecraft:display_name": {"value":"weapon 8"},
      "tag:weapon": {},
      "minecraft:weapon": {},
      "minecraft:render_offsets": {"main_hand": {"first_person": {"scale":[0, 0, 0]},"third_person": {"scale":[0, 0, 0]}},"off_hand": {"first_person": {"scale":[0, 0, 0]},"third_person": {"scale":[0, 0, 0]}}},
      "minecraft:max_stack_size": 1
      
      
    }
    
    
  }
  
  
}