{

  "format_version": "1.20",
  "minecraft:item": {

    "description": {"identifier": "lian:random.inata.1", "category": "Equipment"},
    "components": {

      "minecraft:icon": {"texture": "skills.random"},
      "minecraft:display_name": {"value":"§eRandom of inata"},
      "minecraft:chargeable":{"movement_modifier": 0.0},
      "minecraft:use_duration": 99999,
      "minecraft:max_stack_size": 1,
      "minecraft:hand_equipped": true,
      "minecraft:on_use": {"on_use": {"event": "using","target": "self"}},
      "minecraft:render_offsets": {"main_hand": {"first_person": { "scale": [0.0,0.0,0.0]},"third_person": { "scale": [0.0,0.0,0.0]}},"off_hand": {"first_person": { "scale": [0.0,0.0,0.0]},"third_person": { "scale": [0.0,0.0,0.0]}}}


    }


  }


}