{

  "format_version": "1.18.20",
  "minecraft:entity": {

    "description": {

      "identifier": "lian:mobs.npc.4",
      "is_spawnable": false,
      "is_summonable": true,
      "is_experimental": false


    },
    "events": {

      "kill": {

        "add": {

          "component_groups": ["kill"]


        }


      }


    },
    "component_groups": {
      
      "kill": {

        "minecraft:instant_despawn": {}


      }


    },
    "components": {

      "minecraft:interact": {

        "interactions": {

          "on_interact": {

            "event": "interact"


          },
          "interact_text": "Interact §7[ hit ]\n\n"


        }


      },
      "minecraft:type_family": {

        "family": [

          "npc", "not"

        ]


      },
      "minecraft:fire_immune": true,
      "minecraft:movement": {

        "value": 0


      },
      "minecraft:movement.basic": {},
      "minecraft:damage_sensor": {

        "triggers": [{

          "cause": "all",
          "deals_damage": false

        }]


      },
      "minecraft:health": {

        "value": 999999,
        "min": 1


      },
      "minecraft:collision_box": {

        "width": 0.01,
        "height": 0.01


      },
      "minecraft:custom_hit_test": {

        "hitboxes": [{

          "pivot": [

            0,
            0.5,
            0

          ],
          "width": 0.6,
          "height": 1.8

        }]


      },
      "minecraft:scale": {

        "value": 1.0


      },
      "minecraft:knockback_resistance": {

        "value": 100,
        "max": 100


      },
      "minecraft:physics": {

        "has_gravity": true,
        "has_collision": true


      },
      "minecraft:pushable": {

        "is_pushable": false,
        "is_pushable_by_piston": false


      },
      "minecraft:navigation.walk": {

        "can_sink": false


      }


    }


  }


}