{

  "format_version": "1.17.100",
  "minecraft:entity": {

    "description": {

      "identifier": "lian:npc.structure.shop.2.1", "is_spawnable": true, "is_summonable": true, "is_experimental": false,
      "scripts": {"animate":["lian.tick"]},
      "animations": {"lian.tick":"controller.animation.lian.tick"},

      "properties": {
        
        "lian:hair": {"client_sync":true, "type":"int", "range":[-999, 999], "default": 1},
        "lian:hair_color": {"client_sync":true, "type":"int", "range":[-999, 999], "default": 1},
        "lian:skin": {"client_sync":true, "type":"int", "range":[-999, 999], "default": 1},
        "lian:scar": {"client_sync":true, "type":"int", "range":[-999, 999], "default": 0},
        "lian:mode": {"client_sync":true, "type":"int", "range":[-999, 999], "default": 0},
        "lian:clothing.1": {"client_sync":true, "type":"int", "range":[-999, 999], "default": 3},
        "lian:clothing.2": {"client_sync":true, "type":"int", "range":[-999, 999], "default": 6},
        "lian:clothing.3": {"client_sync":true, "type":"int", "range":[-999, 999], "default": 1},
        "lian:weapon": {"client_sync":true, "type":"int", "range":[-999, 999], "default": 0}


      }


    },
    "component_groups": {"kill": {"minecraft:instant_despawn": {}}},
    "components": {

      "minecraft:timer": {"time": 5,"looping": true,"time_down_event": {"event": "load"}},
      "minecraft:interact": {"interactions": {"on_interact": {"event": "interact"},"interact_text": "Interact §7[ hit ]\n\n"}},
      "minecraft:type_family": {"family": ["npc"]},
      "minecraft:fire_immune": true,
      "minecraft:damage_sensor": {
        
        "triggers": [{

          "cause": "all",
          "deals_damage": false


        }]


      },
      "minecraft:movement": {"value": 0},
      "minecraft:movement.basic": {},
      "minecraft:health": {"value": 1,"min": 0},
      "minecraft:collision_box": {"width": 0.01,"height": 0.01},
      "minecraft:custom_hit_test": {"hitboxes": [{"pivot": [0,0.5,0],"width": 0.6,"height": 1.8}]},
      "minecraft:scale": {"value": 1.0},
      "minecraft:knockback_resistance": {"value": 100,"max": 100},
      "minecraft:physics": {"has_gravity": true,"has_collision": true},
      "minecraft:pushable": {"is_pushable": false,"is_pushable_by_piston": false},
      "minecraft:navigation.walk": {"can_sink": false},
      "minecraft:behavior.look_at_player":{
        
        "priority": 1,
        "angle_of_view_horizontal":90,
        "angle_of_view_vertical":90,
        "look_distance": 16,
        "look_time": [1,5],
        "probability": 1
      
      }



    },
    "events": {
      
      "load": {"set_property": {"lian:hair": 1, "lian:hair_color": 0, "lian:clothing.2": 7, "lian:clothing.3": 6}},
      "kill": {"add": {"component_groups": ["kill"]}}


    }


  }

  
}