{

  "format_version": "1.17.10",
  "minecraft:item": {

    "description": {"identifier": "lian:skills.9.1", "category":"commands"},
    "components": {

      "tag:ui": {},
      "minecraft:icon": {"texture": "skills.9.1"},
      "minecraft:display_name": {"value": "§e§lDo not move! §r§7[Press] -§b 25§r§7 of energy."},
      "minecraft:chargeable":{"movement_modifier": 0.0},
      "minecraft:render_offsets": {"main_hand": {"first_person": {"scale":[0, 0, 0]},"third_person": {"scale":[0, 0, 0]}},"off_hand": {"first_person": {"scale":[0, 0, 0]},"third_person": {"scale":[0, 0, 0]}}},
      "minecraft:max_stack_size": 1


    }


  }
  

}