{

  "format_version": "1.20",
  "minecraft:item": {

    "description": {"identifier": "lian:skills.9.open", "category": "Equipment"},
    "components": {

      "minecraft:icon": {"texture": "skills.9.open"},
      "minecraft:display_name": {"value":"§eCursed speech"},
      "minecraft:chargeable":{"movement_modifier": 0.0},
      "minecraft:render_offsets": {"main_hand": {"first_person": {"scale":[0, 0, 0]},"third_person": {"scale":[0, 0, 0]}},"off_hand": {"first_person": {"scale":[0, 0, 0]},"third_person": {"scale":[0, 0, 0]}}},
      "minecraft:max_stack_size": 1


    }


  }


}