{"format_version":"1.8.0","minecraft:entity":{"description":{"identifier":"jujutsu:despawn","is_spawnable":false,"is_summonable":false,"is_experimental":false},"components":{"minecraft:damage_sensor":{"triggers":[{"cause":"all","deals_damage":false}]},"minecraft:collision_box":{"width":0,"height":0},"minecraft:type_family":{"family":["vanish", "not"]},"minecraft:despawn":{"remove_child_entities":true,"filters":{"all_of":[{"test":"is_family","subject":"self","value":"vanish"}]}},"minecraft:physics":{}}}}