{
  "format_version": "1.16.0",
  "minecraft:entity": {
    "description": {
      "identifier": "jujutsu:inumaki_exploda",
      "is_spawnable": false,
      "is_summonable": true,
      "is_experimental": false
    },
    "components": {
      "minecraft:damage_sensor": {
        "triggers": {
          "cause": "all",
          "deals_damage": false
        }
      },
        "minecraft:transformation": {
          "into": "jujutsu:despawn",
          "delay": 0.2
        },
      "minecraft:type_family": {
        "family": [
          "tnt", "not"
        ]
      },
        "minecraft:behavior.knockback_roar": {
          "priority": 1,
          "duration": 0.1,
          "attack_time": 0.1,
          "knockback_damage": 0,
          "knockback_horizontal_strength": 1,
          "knockback_vertical_strength": 1,
          "knockback_range": 2,
          "knockback_filters": {
            "test": "has_tag",
            "subject": "other",
            "operator": "==",
            "value": "explodaother"
          },
          "damage_filters": {
            "test": "has_tag",
            "subject": "other",
            "operator": "==",
            "value": "explodaother"
          },
          "on_roar_end": {
            "event": "jujutsu:despawn"
          },
          "cooldown_time": 0.1
        }
	  },
      "minecraft:collision_box": {
        "width": 0,
        "height": 0
      },
      "minecraft:physics": {}
    },
    "component_groups": {
      "jujutsu:despawn": {
        "minecraft:instant_despawn": {}
      }
    },
    "events": {
      "jujutsu:despawn": {
        "add": {
          "component_groups": [
            "jujutsu:despawn"
          ]
        }
      }
    }
  }
}