{
  "format_version": "1.10.0",
  "minecraft:entity": {
    "description": {
      "identifier": "jujutsu:inumaki2",
      "is_spawnable": false,
      "is_summonable": true,
      "is_experimental": false,
      "scripts": {
        "animate": [
          "inumaki2"
        ]
      },
      "animations": {
        "inumaki2": "controller.animation.inumaki2"
      }
    },
    "components": {
      "minecraft:type_family": {
        "family": [
          "tnt", "not"
        ]
      },
      "minecraft:explode": {
        "fuseLength": 1,
        "fuseLit": true,
        "power": 10,
        "causesFire": false,
        "breaks_blocks": false,
        "destroyAffectedByGriefing": true
      }, 
      "minecraft:collision_box": {
        "width": -1,
        "height": -1
      },
      "minecraft:timer": {
        "looping": false,
        "timer": [
          0.1,
          0.1
        ],
        "time_down_event": {
          "event": "shake"
        }
      },
      "minecraft:damage_sensor": [
        {
          "cause": "any",
          "deals_damage": false
        }
      ],
      "minecraft:physics": {}
    },
    "events": {
      "shake": {
        "run_command": {
          "command": [
            "say Blast Away"
          ]
        }
      }
    }
  }
}