{

  "format_version": "1.17.10",
  "minecraft:item": {

    "description": {"identifier": "lian:skills.extra.2", "category":"Equipment"},
    "components": {

      "tag:ui": {},
      "tag:fist": {},
      "minecraft:icon": {"texture": "skills.extra.2"},
      "minecraft:display_name": {"value": "§e§lSimple domain §r§7[Hit]"},
      "minecraft:chargeable":{"movement_modifier": 0.0},
      "minecraft:render_offsets": {"main_hand": {"first_person": {"scale":[0, 0, 0]},"third_person": {"scale":[0, 0, 0]}},"off_hand": {"first_person": {"scale":[0, 0, 0]},"third_person": {"scale":[0, 0, 0]}}},
      "minecraft:max_stack_size": 1


    }


  }
  

}