{

  "format_version": "1.17.100",
  "minecraft:entity": {

    "description": {

      "identifier": "lian:structure.yaga.teleport.1",
      "is_spawnable": false,
      "is_summonable": true,
      "is_experimental": false


    },
    "component_groups": {

      "kill": {

        "minecraft:instant_despawn": {}


      }


    },
    "components": {

      "minecraft:despawn": {

        "despawn_from_distance": {}


      },
      "minecraft:nameable": {
        
        "allow_name_tag_renaming": true,
        "always_show": true


      },
      "minecraft:type_family": {"family": ["not"]},
      "minecraft:fire_immune": true,
      "minecraft:damage_sensor": {
        
        "triggers": [{

          "cause": "all",
          "deals_damage": false


        }]


      },
      "minecraft:health": {
        
        "value": 999999,
        "min": 1


      },
      "minecraft:collision_box": {

        "width": -1,
        "height": -1


      },
      "minecraft:scale": {

        "value": 1


      }


    },
    "events": {
      
      "kill": {

        "add": {

          "component_groups": ["kill"]


        }


      }


    }


  }

  
}