{
  "format_version": "1.10.0",
  "animations": {
    "animation.timer.0_5": {
      "loop": false,
      "animation_length": 0.5
    },
    "animation.timer.1_0": {
      "loop": false,
      "animation_length": 1.0
    },
    "animation.boggie_woggie": {
      "loop": false,
      "animation_length": 0.4,
      "timeline": {
        "0.0": [
          "/particle jujutsu:boggie_woggie",
          "/particle jujutsu:boggie_woggie2",
          "/particle jujutsu:boggie_woggie3"
        ],
        "0.2": [
          "/execute as @e[type=jujutsu:boggie_woggie,family=boggie_woggie2] at @s run tp @e[tag=!boggie_woggie,r=2.5,c=1,type=!item,type=!xp_orb,family=!attack,family=!inanimate] @e[type=jujutsu:boggie_woggie,family=boggie_woggie1]"
        ],
        "0.3": [
          "/execute as @e[type=jujutsu:boggie_woggie,family=boggie_woggie1] at @s run tp @p[tag=boggie_woggie,r=2] @e[type=jujutsu:boggie_woggie,family=boggie_woggie2,c=1]"
        ],
        "0.4": [
          "/tag @s remove boggie_woggie"
        ]
      }
    },
    "animation.expansion_sukuna": {
      "loop": false,
      "animation_length": 7.1,
      "timeline": {
        "0.0": [
          "/inputpermission set @s movement disabled",
          "/tp @s ^^^ ~ 0",
          "/camera @s set minecraft:free ease 0.2 linear pos ^^1.5^3 rot ~5~-180",
          "/tag @s add no_damage",
          "/particle jujutsu:expansion_sukuna"
        ],
        "0.8": [
          "/playsound gota @a[r=10] ~~1~ 1 2",
          "/tp @s ^^^ ~ 0",
          "/camera @s set minecraft:free ease 0.2 linear pos ^^0.75^7 rot ~35~-180",
          "/particle jujutsu:gota ^^^6"
        ],
        "1.6": [
          "/tp @s ^^^ ~ 0",
          "/tag @s add expansion_sukuna",
          "/summon jujutsu:expansion_sukuna ^^^-12 ~~"
        ],
        "1.9": [
          "/camera @s set minecraft:free ease 0.2 linear pos ^^2^3 rot ~15~-180",
          "/tag @s remove no_damage"
        ],
        "2.6": [
          "/camera @s set minecraft:free ease 0.7 linear pos ^^3^12 rot ~15~-180"
        ],
        "3.0": [
          "/inputpermission set @s movement enabled",
          "/camera @s clear"
        ],
        "7.0": [
          "/event entity @e[type=jujutsu:expansion_sukuna,r=9999] minecraft:despawn",
          "/tag @s remove expansion_sukuna"
        ]
      }
    },
    "animation.red": {
      "loop": false,
      "animation_length": 2.4,
      "timeline": {
        "0.0": [
          "/inputpermission set @s movement disabled",
          "/tag @s add no_damage"
        ],
        "0.8": [
          "/tag @s add red",
          "/summon jujutsu:red ^^1^1"
                ],
        "1.8": [
          "/camera @s fade time 0.2 0.4 0.6 color 255 0 0",
         "/damage @e[rm=0.1,r=8] 100 entity_attack entity @s",
          "/summon jujutsu:red_power ^^1^1"
          ],
         "1.81": [
          "/camerashake add @s 0.3 0.3 positional"
                  
        ],
        "2.3": [
                      "/inputpermission set @s movement enabled",
          "/tag @s remove red"
                ]
    }
  },
              "animation.orochi": {
      "loop": false,
      "animation_length": 2.4,
      "timeline": {
        "0.0": [
          "/tag @s add orochi",
          "/summon jujutsu:orochi1 ^^^1"
                ],
        "0.8": [
          "playanimation @e[r=3] animation.orochi.atacar",
          "/damage @e[rm=0.1,r=3] 100 entity_attack entity @s"
        ]
    }
  },
          "animation.expansion_gojo": {
      "loop": false,
      "animation_length": 4.1,
      "timeline": {
        "0.0": [
          "/inputpermission set @s movement disabled",
          "/tp @s ^^^ ~ 0",
          "/tag @s add no_damage",
          "/camera @s fade time 0.3 0.3 0.3 color 255 255 255"
        ],
        "0.5": [
          "/summon jujutsu:cupula ^^-1^"
        ],
        "0.8": [
          "/playsound gota @a[r=10] ~~1~ 1 2",
          "/tp @s ^^^ ~ 0",
          "/particle jujutsu:expansion_gojo",
          "/particle jujutsu:expansion_gojo"
        ],
        "1.2": [
              "/camera @s fade time 0.3 0.3 0.3 color 255 255 255"
        ],
        "1.5": [
          "/particle jujutsu:buraco ^^3^-6",
          "/tag @s add expansion_gojo"
        ],
        "1.6": [
          "/tp @s ^^^ ~ 0",
          "/tag @s add expansion_gojo"
        ],
        "1.9": [
          "/tag @s remove no_damage"
        ],
        "2.6": [
           "/say Muryuh Kyochu"
        ],
        "3.0": [
          "/camera @s clear",
          "/inputpermission set @s movement enabled"
        ],
        "4.0": [
          "/event entity @e[type=jujutsu:expansion_gojo] minecraft:despawn",
          "/tag @s remove expansion_gojo"
                          ]
    }
  },
      "animation.black_flash": {
      "loop": false,
      "animation_length": 1.2,
      "timeline": {
        "0.0": [
          "/tag @s add black_flash",
          "/summon jujutsu:black_flash ^^^-1 ~~",
          "/effect @s slow_falling 2 0 true",
          "/playanimation @s animation.black_flash.start hidkeigay"
        ],
        "0.1": [
          "/damage @e[rm=0.1,r=3] 5 entity_attack entity @s"
        ],
        "0.2": [
          "/damage @e[rm=0.1,r=3] 5 entity_attack entity @s"
        ],
        "0.3": [
          "/damage @e[rm=0.1,r=3] 5 entity_attack entity @s"
        ],
        "0.4": [
          "/damage @e[rm=0.1,r=3] 5 entity_attack entity @s"
        ],
        "0.5": [
          "/damage @e[rm=0.1,r=3] 5 entity_attack entity @s"
        ],
        "0.6": [
          "/damage @e[rm=0.1,r=3] 5 entity_attack entity @s"
        ],
        "0.7": [
          "/damage @e[rm=0.1,r=3] 5 entity_attack entity @s"
        ],
        "0.8": [
          "/damage @e[rm=0.1,r=3] 20 entity_attack entity @s"
        ],
        "0.9": [
          "/damage @e[rm=0.1,r=3] 20 entity_attack entity @s"
        ],
        "1.0": [
          "/damage @e[rm=0.1,r=3] 20 entity_attack entity @s"
        ],
        "1.1": [
          "/particle jujutsu:black_flash3",
          "/particle jujutsu:black_flash3_2",
          "/particle jujutsu:black_flash4",
          "/particle jujutsu:black_flash5",
          "/particle jujutsu:black_flash6",
          "/damage @e[rm=0.1,r=5] 40 entity_attack entity @s"
        ]
      }
    },
    "animation.roxo": {
      "loop": false,
      "animation_length": 1.0,
      "timeline": {
        "0.0": [
          "/inputpermission set @s movement disabled",
          "/say Hollow Purple",
          "/tag @s add roxo",
          "/playanimation @s animation.purple.start jujutsu"
        ],
        "0.4": [
            "/particle jujutsu:raio2"
        ],
        "0.75": [
          "/camerashake add @s 2 1.20 positional",
          "/playsound purple1 @s",
          "/event entity @s jujutsu:purple1"
        ],
        "0.9": [
          "/inputpermission set @s movement enabled",
          "/tag @s remove roxo"
        ]
      }
    }
  }
}  