{
  "format_version": "1.10.0",
  "animations": {
    "animation.onda_de_son": {
      "loop": false,
      "animation_length": 0.9,
      "timeline": {
        "0.0": [
          "/inputpermission set @s movement disabled",
          "/inputpermission set @s camera disabled",
          "/playanimation @s animation.fala_amaldicoada"
        ],
        "0.1": [
          "/execute at @s anchored eyes run particle jujutsu:ondaDeSom1 ^^0.05^1"
        ],
        "0.2": [
          "/execute at @s anchored eyes run particle jujutsu:ondaDeSom2 ^^0.05^1.2"
        ],
        "0.3": [
          "/execute at @s anchored eyes run particle jujutsu:ondaDeSom3 ^^0.05^1.4",
          "/execute at @s[tag=not_move] anchored eyes positioned ^^^3 run scoreboard players set @e[r=3,tag=!imune_fala_amaldicoada] not_move 65",
          "/execute at @s[tag=not_move] anchored eyes positioned ^^^6 run scoreboard players set @e[r=4,tag=!imune_fala_amaldicoada] not_move 65",
          "/execute at @s[tag=desapareca] anchored eyes positioned ^^^3 run scoreboard players set @e[r=3,tag=!imune_fala_amaldicoada] desapareca 1",
          "/execute at @s[tag=desapareca] anchored eyes positioned ^^^6 run scoreboard players set @e[r=4,tag=!imune_fala_amaldicoada] desapareca 1",
          "/execute at @s[tag=exploda] anchored eyes positioned ^^^3 run scoreboard players set @e[r=3,tag=!imune_fala_amaldicoada] exploda 1",
          "/execute at @s[tag=exploda] anchored eyes positioned ^^^6 run scoreboard players set @e[r=4,tag=!imune_fala_amaldicoada] exploda 1"
        ],
        "0.4": [
          "/execute at @s anchored eyes run particle jujutsu:ondaDeSom4 ^^0.05^1.6"
        ],
        "0.8": [
            "/inputpermission set @s camera enabled",
            "/inputpermission set @s movement enabled"
        ]
      }
    }
  }
}  