{
  "format_version": "1.10.0",
  "animations": {
    "animation.black_flash1": {
      "loop": false,
      "animation_length": 0.5,
      "timeline": {
        "0.0": [
          "/playanimation @s animation.black_flash.combo1"
        ]
      }
    },
    "animation.black_flash2": {
      "loop": false,
      "animation_length": 0.5,
      "timeline": {
        "0.0": [
          "/playanimation @s animation.black_flash.combo2"
        ]
      }
    },
    "animation.black_flash_atack": {
      "loop": false,
      "animation_length": 1.4,
      "timeline": {
        "0.0": [
            "/inputpermission set @s camera disabled",
            "/inputpermission set @s movement disabled"
        ],
        "0.1": [
          "/playanimation @s animation.black_flash.combo3"
        ]
      }
    }
  }
}  