{
  "format_version": "1.10.0",
  "animations": {
    "animation.sukuna_skils": {
      "loop": false,
      "animation_length": 3.5,
      "timeline": {
        "0.0": [
          "/event entity @s jujutsu:fire_arrowon"
        ],
        "0.1": [
            "/inputpermission set @s camera disabled",
            "/inputpermission set @s movement disabled"
        ],
        "3.3": [
            "/inputpermission set @s camera enabled",
            "/tag @s[tag=flecha_on] add flecha_fire"
        ]
      }
    }
  }
}  