{

    "format_version": "1.16.0",
    "minecraft:block": {

        "description": {"identifier": "lian:void_expansion.1"},
        "components": {

            "minecraft:material_instances": {"*": {"texture": "void_expansion.1","render_method": "alpha_test"}},
            "minecraft:pick_collision": {"origin": [ -8, 0, -8 ],"size": [ 16, 16, 16 ]},
            "minecraft:geometry": "geometry.void_expansion",
            "minecraft:destroy_time": 9999,
            "minecraft:block_light_absorption": 0.9,
            "minecraft:friction": 0.6,
            "minecraft:map_color": "#00ff00",
            "minecraft:flammable": {"flame_odds": 0,"burn_odds": 0},
            "minecraft:block_light_emission": 1.0,
            "minecraft:destructible_by_explosion": false


        },
        "events": {}


    }


}