{
  "format_version": "1.20",
  "minecraft:entity": {
    "description": {
      "identifier": "jujutsu:boggie_woggie",
      "is_spawnable": false,
      "is_summonable": true,
      "is_experimental": false
    },
    "components": {
      "minecraft:type_family": {"family": ["not"]},
      "minecraft:collision_box": {
        "width": 0.1,
        "height": 0.1
      },
        "minecraft:transformation": {
          "into": "jujutsu:despawn",
          "delay": 1.5
        },
      "minecraft:health": {
        "value": 1,
        "max": 1
      },
      "minecraft:damage_sensor": {
        "triggers": {
          "cause": "all",
          "deals_damage": false
        }
      },
      "minecraft:loot": {
        "table": "loot_tables/entities/none.json"
      },
      "minecraft:nameable": {
      },
      "minecraft:persistent": {
      },
      "minecraft:physics": {
        "has_gravity": false
      },
      "minecraft:pushable": {
        "is_pushable": false,
        "is_pushable_by_piston": false
      }
    },
    "component_groups": {
			"jujutsu:boggie_woggie1": {
      "minecraft:type_family": {
        "family": [ "boggie_woggie1", "inanimate", "not" ]
      },
	    "minecraft:variant": {
					"value": 1
				}
			},
			"jujutsu:boggie_woggie2": {
      "minecraft:type_family": {
        "family": [ "boggie_woggie2", "inanimate", "not" ]
      },
	    "minecraft:variant": {
					"value": 1
				}
			},
      "jujutsu:despawn": {
        "minecraft:instant_despawn": {}
      }
    },
    "events": {
	  "jujutsu:boggie_woggie1": {
	    "add": {
	      "component_groups": [
	        "jujutsu:boggie_woggie1"
          ]
	    }
	  },
	  "jujutsu:boggie_woggie2": {
	    "add": {
	      "component_groups": [
	        "jujutsu:boggie_woggie2"
          ]
	    }
	  },
      "jujutsu:despawn": {
        "add": {
          "component_groups": [
            "jujutsu:despawn"
          ]
        }
      }
    }
  }
}