{

  "format_version": "1.17.100",
  "minecraft:entity": {

    "description": {

      "identifier": "lian:entity.ride",
      "is_spawnable": false,
      "is_summonable": true,
      "is_experimental": false


    },
    "component_groups": {

      "kill": {

        "minecraft:instant_despawn": {}


      }


    },
    "components": {

      "minecraft:nameable": {
        
        "allow_name_tag_renaming": true,
        "always_show": true


      },
      "minecraft:timer": {

        "time": 50,
        "looping": true,
        "time_down_event": {

          "event": "kill"


        }
      },
      "minecraft:type_family": {"family": ["not"]},
      "minecraft:fire_immune": true,
      "minecraft:damage_sensor": {
        
        "triggers": [{

          "cause": "all",
          "deals_damage": false


        }]


      },
      "minecraft:health": {
        
        "value": 999999,
        "min": 1


      },
      "minecraft:collision_box": {

        "width": -1,
        "height": -1


      },
      "minecraft:rideable":{

        "controlling_seat": 0,
        "crouching_skip_interact": true,
        "family_types": [],
        "interact_text": " ",
        "priority": 0,
        "pull_in_entities": false,
        "rider_can_interact": false,
        "seat_count": 1,
        "seats": {

          "lock_rider_rotation": 181,
          "max_rider_count": "seat_count",
          "min_rider_count": 0,
          "position": [0, 0, 0],
          "rotate_rider_by": 0


        }
      },
      "minecraft:scale": {

        "value": 1


      }


    },
    "events": {
      
      "kill": {

        "add": {

          "component_groups": ["kill"]


        }


      }


    }


  }

  
}