{
  "format_version": "1.20",
  "minecraft:entity": {
    "description": {
      "identifier": "jujutsu:expansion_gojo",
      "is_spawnable": false,
      "is_summonable": true,
      "is_experimental": false
    },
    "components": {
		"minecraft:type_family": {"family": ["not"]},
      "minecraft:health": {
        "value": 1,
        "max": 1
      },
      "minecraft:damage_sensor": {
        "triggers": {
          "cause": "all",
          "deals_damage": false
        }
      },
      "minecraft:loot": {
        "table": "loot_tables/entities/none.json"
      },
      "minecraft:nameable": {
      },
      "minecraft:persistent": {
      },
      "minecraft:physics": {
        "has_gravity": false
      },
      "minecraft:pushable": {
        "is_pushable": false,
        "is_pushable_by_piston": false
      }
    },
    "component_groups": {
			"jujutsu:parte0": {
      "minecraft:timer": {
        "time": 0.05,
        "looping": true,
        "time_down_event": {
          "event": "jujutsu:parte1"
        }
      },
	    "minecraft:variant": {
					"value": 0
				}
			},
			"jujutsu:parte1": {
      "minecraft:timer": {
        "time": 0.05,
        "looping": true,
        "time_down_event": {
          "event": "jujutsu:parte2"
        }
      },
	    "minecraft:variant": {
					"value": 1
				}
			},
			"jujutsu:parte2": {
      "minecraft:timer": {
        "time": 0.05,
        "looping": true,
        "time_down_event": {
          "event": "jujutsu:parte3"
        }
      },
	    "minecraft:variant": {
					"value": 2
				}
			},
			"jujutsu:parte3": {
      "minecraft:timer": {
        "time": 0.05,
        "looping": true,
        "time_down_event": {
          "event": "jujutsu:parte4"
        }
      },
	    "minecraft:variant": {
					"value": 3
				}
			},
			"jujutsu:parte4": {
      "minecraft:timer": {
        "time": 0.05,
        "looping": true,
        "time_down_event": {
          "event": "jujutsu:parte5"
        }
      },
	    "minecraft:variant": {
					"value": 4
				}
			},
			"jujutsu:parte5": {
      "minecraft:timer": {
        "time": 0.001,
        "looping": true,
        "time_down_event": {
          "event": "jujutsu:parte6"
        }
      },
	    "minecraft:variant": {
					"value": 5
				}
			},
			"jujutsu:parte6": {
      "minecraft:timer": {
        "time": 0.001,
        "looping": true,
        "time_down_event": {
          "event": "jujutsu:parte7"
        }
      },
	    "minecraft:variant": {
					"value": 6
				}
			},
			"jujutsu:parte7": {
      "minecraft:timer": {
        "time": 0.001,
        "looping": true,
        "time_down_event": {
          "event": "jujutsu:parte8"
        }
      },
	    "minecraft:variant": {
					"value": 7
				}
			},
			"jujutsu:parte8": {
      "minecraft:timer": {
        "time": 0.001,
        "looping": true,
        "time_down_event": {
          "event": "jujutsu:parte9"
        }
      },
	    "minecraft:variant": {
					"value": 8
				}
			},
			"jujutsu:parte9": {
      "minecraft:timer": {
        "time": 0.001,
        "looping": true,
        "time_down_event": {
          "event": "jujutsu:parte10"
        }
      },
	    "minecraft:variant": {
					"value": 9
				}
			},
			"jujutsu:parte10": {
      "minecraft:timer": {
        "time": 0.001,
        "looping": true,
        "time_down_event": {
          "event": "jujutsu:parte11"
        }
      },
	    "minecraft:variant": {
					"value": 10
				}
			},
			"jujutsu:parte11": {
      "minecraft:timer": {
        "time": 0.001,
        "looping": true,
        "time_down_event": {
          "event": "jujutsu:parte12"
        }
      },
	    "minecraft:variant": {
					"value": 11
				}
			},
			"jujutsu:parte12": {
      "minecraft:timer": {
        "time": 0.001,
        "looping": true,
        "time_down_event": {
          "event": "jujutsu:parte13"
        }
      },
	    "minecraft:variant": {
					"value": 12
				}
			},
			"jujutsu:parte13": {
      "minecraft:timer": {
        "time": 0.001,
        "looping": true,
        "time_down_event": {
          "event": "jujutsu:parte14"
        }
      },
	    "minecraft:variant": {
					"value": 13
				}
			},
			"jujutsu:parte14": {
      "minecraft:timer": {
        "time": 0.001,
        "looping": true,
        "time_down_event": {
          "event": "jujutsu:parte15"
        }
      },
	    "minecraft:variant": {
					"value": 14
				}
			},
			"jujutsu:parte15": {
      "minecraft:timer": {
        "time": 0.001,
        "looping": true,
        "time_down_event": {
          "event": "jujutsu:parte16"
        }
      },
	    "minecraft:variant": {
					"value": 15
				}
			},
			"jujutsu:parte16": {
      "minecraft:timer": {
        "time": 0.001,
        "looping": true,
        "time_down_event": {
          "event": "jujutsu:parte17"
        }
      },
	    "minecraft:variant": {
					"value": 16
				}
			},
			"jujutsu:parte17": {
      "minecraft:timer": {
        "time": 0.001,
        "looping": true,
        "time_down_event": {
          "event": "jujutsu:parte18"
        }
      },
	    "minecraft:variant": {
					"value": 17
				}
			},
			"jujutsu:parte18": {
      "minecraft:timer": {
        "time": 0.001,
        "looping": true,
        "time_down_event": {
          "event": "jujutsu:parte19"
        }
      },
	    "minecraft:variant": {
					"value": 18
				}
			},
			"jujutsu:parte19": {
      "minecraft:timer": {
        "time": 0.001,
        "looping": true,
        "time_down_event": {
          "event": "jujutsu:parte20"
        }
      },
	    "minecraft:variant": {
					"value": 19
				}
			},
			"jujutsu:parte20": {
      "minecraft:timer": {
        "time": 0.001,
        "looping": true,
        "time_down_event": {
          "event": "jujutsu:parte21"
        }
      },
	    "minecraft:variant": {
					"value": 20
				}
			},
			"jujutsu:parte21": {
      "minecraft:timer": {
        "time": 0.001,
        "looping": true,
        "time_down_event": {
          "event": "jujutsu:parte22"
        }
      },
	    "minecraft:variant": {
					"value": 21
				}
			},
			"jujutsu:parte22": {
      "minecraft:timer": {
        "time": 0.001,
        "looping": true,
        "time_down_event": {
          "event": "jujutsu:parte23"
        }
      },
	    "minecraft:variant": {
					"value": 22
				}
			},
			"jujutsu:parte23": {
      "minecraft:timer": {
        "time": 0.001,
        "looping": true,
        "time_down_event": {
          "event": "jujutsu:parte24"
        }
      },
	    "minecraft:variant": {
					"value": 23
				}
			},
			"jujutsu:parte24": {
      "minecraft:timer": {
        "time": 0.001,
        "looping": true,
        "time_down_event": {
          "event": "jujutsu:parte25"
        }
      },
	    "minecraft:variant": {
					"value": 24
				}
			},
			"jujutsu:parte25": {
      "minecraft:timer": {
        "time": 0.001,
        "looping": true,
        "time_down_event": {
          "event": "jujutsu:parte26"
        }
      },
	    "minecraft:variant": {
					"value": 25
				}
			},
			"jujutsu:parte26": {
      "minecraft:timer": {
        "time": 0.001,
        "looping": true,
        "time_down_event": {
          "event": "jujutsu:parte27"
        }
      },
	    "minecraft:variant": {
					"value": 26
				}
			},
			"jujutsu:parte27": {
      "minecraft:timer": {
        "time": 0.001,
        "looping": true,
        "time_down_event": {
          "event": "jujutsu:parte28"
        }
      },
	    "minecraft:variant": {
					"value": 27
				}
			},
			"jujutsu:parte28": {
      "minecraft:timer": {
        "time": 0.001,
        "looping": true,
        "time_down_event": {
          "event": "jujutsu:parte29"
        }
      },
	    "minecraft:variant": {
					"value": 28
				}
			},
			"jujutsu:parte29": {
      "minecraft:timer": {
        "time": 0.001,
        "looping": true,
        "time_down_event": {
          "event": "jujutsu:parte30"
        }
      },
	    "minecraft:variant": {
					"value": 29
				}
			},
			"jujutsu:parte30": {
	    "minecraft:variant": {
					"value": 30
				}
			},
			"jujutsu:2parte30": {
	    "minecraft:variant": {
					"value": 30
      },
      "minecraft:timer": {
        "time": 20,
        "looping": true,
        "time_down_event": {
          "event": "jujutsu:despawn"
        }
      },
	    "minecraft:skin_id": {
					"value": 30
				}
			},
			"jujutsu:2parte31": {
	    "minecraft:variant": {
					"value": 30
      },
	    "minecraft:variant": {
					"value": 30
      },
	    "minecraft:skin_id": {
					"value": 31
				}
			},
			"jujutsu:2parte32": {
	    "minecraft:variant": {
					"value": 30
      },
	    "minecraft:skin_id": {
					"value": 32
				}
			},
			"jujutsu:2parte33": {
	    "minecraft:variant": {
					"value": 30
      },
      "minecraft:timer": {
        "time": 20,
        "looping": true,
        "time_down_event": {
          "event": "jujutsu:despawn"
        }
      },
	    "minecraft:skin_id": {
					"value": 33
				}
			},
      "jujutsu:despawn": {
        "minecraft:instant_despawn": {}
      }
    },
    "events": {
	  "jujutsu:parte0": {
	    "add": {
	      "component_groups": [
	        "jujutsu:parte0"
          ]
	    }
	  },
	  "jujutsu:parte1": {
	    "add": {
	      "component_groups": [
	        "jujutsu:parte1"
          ]
	    }
	  },
	  "jujutsu:parte2": {
	    "add": {
	      "component_groups": [
	        "jujutsu:parte2"
          ]
	    }
	  },
	  "jujutsu:parte3": {
	    "add": {
	      "component_groups": [
	        "jujutsu:parte3"
          ]
	    }
	  },
	  "jujutsu:parte4": {
	    "add": {
	      "component_groups": [
	        "jujutsu:parte4"
          ]
	    }
	  },
	  "jujutsu:parte5": {
	    "add": {
	      "component_groups": [
	        "jujutsu:parte5"
          ]
	    }
	  },
	  "jujutsu:parte6": {
	    "add": {
	      "component_groups": [
	        "jujutsu:parte6"
          ]
	    }
	  },
	  "jujutsu:parte7": {
	    "add": {
	      "component_groups": [
	        "jujutsu:parte7"
          ]
	    }
	  },
	  "jujutsu:parte8": {
	    "add": {
	      "component_groups": [
	        "jujutsu:parte8"
          ]
	    }
	  },
	  "jujutsu:parte9": {
	    "add": {
	      "component_groups": [
	        "jujutsu:parte9"
          ]
	    }
	  },
	  "jujutsu:parte10": {
	    "add": {
	      "component_groups": [
	        "jujutsu:parte10"
          ]
	    }
	  },
	  "jujutsu:parte11": {
	    "add": {
	      "component_groups": [
	        "jujutsu:parte11"
          ]
	    }
	  },
	  "jujutsu:parte12": {
	    "add": {
	      "component_groups": [
	        "jujutsu:parte12"
          ]
	    }
	  },
	  "jujutsu:parte13": {
	    "add": {
	      "component_groups": [
	        "jujutsu:parte13"
          ]
	    }
	  },
	  "jujutsu:parte14": {
	    "add": {
	      "component_groups": [
	        "jujutsu:parte14"
          ]
	    }
	  },
	  "jujutsu:parte15": {
	    "add": {
	      "component_groups": [
	        "jujutsu:parte15"
          ]
	    }
	  },
	  "jujutsu:parte16": {
	    "add": {
	      "component_groups": [
	        "jujutsu:parte16"
          ]
	    }
	  },
	  "jujutsu:parte17": {
	    "add": {
	      "component_groups": [
	        "jujutsu:parte17"
          ]
	    }
	  },
	  "jujutsu:parte18": {
	    "add": {
	      "component_groups": [
	        "jujutsu:parte18"
          ]
	    }
	  },
	  "jujutsu:parte19": {
	    "add": {
	      "component_groups": [
	        "jujutsu:parte19"
          ]
	    }
	  },
	  "jujutsu:parte20": {
	    "add": {
	      "component_groups": [
	        "jujutsu:parte20"
          ]
	    }
	  },
	  "jujutsu:parte21": {
	    "add": {
	      "component_groups": [
	        "jujutsu:parte21"
          ]
	    }
	  },
	  "jujutsu:parte22": {
	    "add": {
	      "component_groups": [
	        "jujutsu:parte22"
          ]
	    }
	  },
	  "jujutsu:parte23": {
	    "add": {
	      "component_groups": [
	        "jujutsu:parte23"
          ]
	    }
	  },
	  "jujutsu:parte24": {
	    "add": {
	      "component_groups": [
	        "jujutsu:parte24"
          ]
	    }
	  },
	  "jujutsu:parte25": {
	    "add": {
	      "component_groups": [
	        "jujutsu:parte25"
          ]
	    }
	  },
	  "jujutsu:parte26": {
	    "add": {
	      "component_groups": [
	        "jujutsu:parte26"
          ]
	    }
	  },
	  "jujutsu:parte27": {
	    "add": {
	      "component_groups": [
	        "jujutsu:parte27"
          ]
	    }
	  },
	  "jujutsu:parte28": {
	    "add": {
	      "component_groups": [
	        "jujutsu:parte28"
          ]
	    }
	  },
	  "jujutsu:parte29": {
	    "add": {
	      "component_groups": [
	        "jujutsu:parte29"
          ]
	    }
	  },
	  "jujutsu:parte30": {
	    "add": {
	      "component_groups": [
	        "jujutsu:parte30"
          ]
	    }
	  },
	  "jujutsu:2parte30": {
	    "add": {
	      "component_groups": [
	        "jujutsu:2parte30"
          ]
	    }
	  },
	  "jujutsu:2parte31": {
	    "add": {
	      "component_groups": [
	        "jujutsu:2parte31"
          ]
	    }
	  },
	  "jujutsu:2parte32": {
	    "add": {
	      "component_groups": [
	        "jujutsu:2parte32"
          ]
	    }
	  },
	  "jujutsu:2parte33": {
	    "add": {
	      "component_groups": [
	        "jujutsu:2parte33"
          ]
	    }
	  },
      "jujutsu:despawn": {
        "add": {
          "component_groups": [
            "jujutsu:despawn"
          ]
        }
      }
    }
  }
}