{

  "format_version": "1.17.100",
  "minecraft:entity": {

    "description": {

      "identifier": "lian:expansion", "is_spawnable": false, "is_summonable": true, "is_experimental": false


    },
    "component_groups": {"kill": {"minecraft:instant_despawn": {}}},
    "components": {

      "minecraft:despawn": {"despawn_from_distance": {}},
      "minecraft:nameable": {"allow_name_tag_renaming": true, "always_show": true},
      "minecraft:timer": {"time": 1, "looping": true, "time_down_event": {"event": "finaly"}},
      "minecraft:type_family": {"family": ["commands", "not"]},
      "minecraft:fire_immune": true,
      "minecraft:damage_sensor": {"triggers": [{"cause": "all", "deals_damage": false}]},
      "minecraft:health": {"value": 999999, "min": 1},
      "minecraft:collision_box": {"width": -1, "height": -1},
      "minecraft:scale": {"value": 1},
      "minecraft:physics": {}


    },
    "events": {
      
      "minecraft:entity_spawned": {"run_command": {"command": ["structure save save_expansion ~-25~-3~-25 ~25~27~25 false", "structure load expansion_base ~-25~-3~-25 0_degrees none false"]}},
      "finaly": {"add": {"component_groups": ["kill"]}, "run_command": {"command": ["structure load save_expansion ~-25~-3~-25 0_degrees none false"]}}


    }


  }

  
}