{
  "format_version": "1.16.0",
  "minecraft:entity": {
    "description": {
      "identifier": "jujutsu:fire_arrow",
      "is_spawnable": false,
      "is_summonable": true,
      "is_experimental": false,
      "runtime_identifier": "minecraft:snowball"
    },
	"component_groups": {
	  "jujutsu:despawn": {
        "minecraft:instant_despawn": {}
      },
	  "jujutsu:fire_arrow2": {
        "minecraft:type_family": {
          "family": [ "arrow_shot", "projectile", "fire_arrow", "not"]
        },
	    "minecraft:skin_id": {
	      "value": 1
	    },
        "minecraft:scale": {
          "value": 1.0
        },
        "minecraft:transformation": {
          "into": "jujutsu:despawn",
          "delay": 0.8
        },
        "minecraft:projectile": {
          "on_hit": {
            "impact_damage": {
              "damage": 0,
              "destroy_on_hit": false
            },
           "definition_event": {
            "affect_shooter": true,
            "eventTrigger": {
              "event": "jujutsu:fire_arrowon",
              "target": "self"
            }
          }
        },
          "power": 2.5,
          "gravity": 0,
          "inertia": 1,
          "liquid_inertia": 1,
          "offset": [0.2, -0.3, 0]
        }
	  }
	},
    "components": {
      "minecraft:physics": {},
      "minecraft:pushable": {
        "is_pushable": false,
        "is_pushable_by_piston": true
      },
      "minecraft:conditional_bandwidth_optimization": {
        "default_values": {
          "max_optimized_distance": 80,
          "max_dropped_ticks": 10,
          "use_motion_prediction_hints": true
        }
      }
    },
	
	"events": {
	  "jujutsu:despawn": {
	    "add": {
	      "component_groups": [
	        "jujutsu:despawn"
	      ]
	    }
	  },
	  "minecraft:entity_spawned": {
        "sequence": [
          {
            "add": {
              "component_groups": [
                "jujutsu:fire_arrow2"
              ]
            }
          }
	    ]
	  }
	}
  }
}