{

	"format_version": "1.16.0",
	"minecraft:entity": {

		"description": {

			"identifier": "lian:items_change",
			"is_summonable": true,
			"is_spawnable": false,
			"is_experimental": false


		},
		"components": {

			"minecraft:type_family": {"family": ["not"]},
			"minecraft:inventory": {

				"container_type": "inventory",
				"inventory_size": 36


			},
			"minecraft:persistent": {},
			"minecraft:physics": {

				"has_collision": false,
				"has_gravity": false


			},
			"minecraft:custom_hit_test": {
				
				"hitboxes": [{
					
					"pivot": [0, 100, 0],
					"width": 0,
					"height": 0


				}]


			},
			"minecraft:damage_sensor": {

				"triggers": {

					"deals_damage": false


				}


			},
			"minecraft:pushable": {

				"is_pushable": false,
				"is_pushable_by_piston": false


			},
			"minecraft:health": {

				"min": 1,
				"max": 1,
				"value": 1


			},
			"minecraft:collision_box": {

				"width": 0.0001,
				"height": 0.0001


			}
		},
		"component_groups": {

			"kill": {

				"minecraft:instant_despawn": {}


			}
		},
		"events": {

			"kill": {

				"add": {

					"component_groups": ["kill"]


				}


			}


		}

		
	}


}