{
  "format_version": "1.10.0",
  "animation_controllers": {
    "controller.animation.atack": {
      "states": {
        "default": {
          "transitions": [
            { "black_flash1": "variable.attack_time >= 0.1 && q.property('jujutsu:black_flash') == 1 && !query.is_using_item" },
            { "black_flash2": "variable.attack_time >= 0.1 && q.property('jujutsu:black_flash') == 2 && !query.is_using_item" },
            { "black_flash3": "variable.attack_time >= 0.1 && q.property('jujutsu:black_flash') == 3 && !query.is_using_item" },
            { "black_flash4": "q.property('jujutsu:black_flash') == 4 && !query.is_using_item" }
          ]
        },
        "black_flash1": {
          "animations": ["black_flash1"],
          "transitions": [
            { "default": "q.all_animations_finished || !q.property('jujutsu:black_flash') == 1" }
          ],
          "on_exit": [
            "/event entity @s jujutsu:black_flash2"
          ]
        },
        "black_flash2": {
          "animations": ["black_flash2"],
          "transitions": [
            { "default": "q.all_animations_finished || !q.property('jujutsu:black_flash') == 2" }
          ],
          "on_exit": [
            "/event entity @s jujutsu:black_flash3"
          ]
        },
        "black_flash3": {
          "animations": ["black_flash_atack"],
          "transitions": [
            { "default": "q.all_animations_finished || !q.property('jujutsu:black_flash') == 3" }
          ],
          "on_exit": [
            "/event entity @s jujutsu:black_flash4",
            "/inputpermission set @s movement enabled",
            "/inputpermission set @s camera enabled"
          ]
        },
        "black_flash4": {
          "animations": ["timer.0_5"],
          "transitions": [
            { "default": "q.all_animations_finished" }
          ],
          "on_exit": [
            "/event entity @s jujutsu:black_flash1"
          ]
        }
      }
    },
    "controller.animation.poderes": {
      "states": {
        "default": {
          "transitions": [
           { "clivar": "query.get_equipped_item_name=='clivar' && query.is_using_item" },
            { "boneco_de_palha": "query.equipped_item_any_tag('slot.weapon.mainhand','boneco_de_palha') && query.is_using_item" },
            { "onda_de_son": "query.equipped_item_any_tag('slot.weapon.mainhand','onda_de_son') && query.is_using_item" },
            { "sukuna_skils": "query.equipped_item_any_tag('slot.weapon.mainhand','sukuna_skils') && query.is_using_item" },
            { "boggie_woggie": "query.equipped_item_any_tag('slot.weapon.mainhand','boggie_woggie') && query.is_using_item" },
           { "expansion_gojo": "query.get_equipped_item_name=='expansao_gojo' && query.is_using_item" }
          ]
        },
        "clivar": {
          "animations": ["clivar"],
          "transitions": [
            { "default": "q.all_animations_finished" }
          ]
        },
        "boneco_de_palha": {
          "animations": ["boneco_de_palha"],
          "transitions": [
            { "default": "q.all_animations_finished" }
          ]
        },
        "onda_de_son": {
          "animations": ["onda_de_son"],
          "transitions": [
            { "default": "q.all_animations_finished" }
          ],
          "on_exit": [
            "/say nomove",
            "/tag @s remove imune_fala_amaldicoada",
            "/tag @s remove desapareca",
            "/tag @s remove not_move",
            "/tag @s remove exploda"
          ]
        },
        "sukuna_skils": {
          "animations": ["sukuna_skils"],
          "transitions": [
            { "default": "!query.is_using_item" }
          ],
          "on_entry": [
            "/playanimation @s[tag=!flecha_fire] animation.fire_arrow",
            "/tag @s add flecha_on"
          ],
          "on_exit": [
            "/event entity @s jujutsu:fire_arrowof",
            "/playanimation @s[tag=!flecha_fire] animation.animation_off",
            "/playanimation @s[tag=flecha_fire] animation.fire_arrow_shot",
            "/event entity @s[tag=flecha_fire] jujutsu:fire_arrow",
            "/inputpermission set @s camera enabled",
            "/inputpermission set @s movement enabled",
            "/tag @s[tag=flecha_fire] remove flecha_fire",
            "/tag @s remove flecha_on"
          ]
        },
        "boggie_woggie": {
          "animations": ["boggie_woggie"],
          "transitions": [
            { "default": "!query.equipped_item_any_tag('slot.weapon.mainhand','boggie_woggie') || q.all_animations_finished" }
          ],
          "on_entry": [
            "/tag @s add boggie_woggie"
          ]
        },
        "expansion_gojo": {
          "animations": ["expansion_gojo"],
          "transitions": [
            { "default": "q.all_animations_finished" }
          ]
        }
      }
    },
    "controller.animation.walk": {
      "states": {
        "default": {
          "transitions": [
            { "1": "(1.0)" }
          ]
        },
        "1": {
          "transitions": [
            { "default": "(1.0)" }
          ],
          "on_entry": [
            "/function tick"
          ]
        }
      }
    }
  }
}  