{
  "format_version": "1.10.0",
  "animation_controllers": {
    "controller.animation.k4.query.attack_time": {
      "states": {
        "0": {
          "transitions":[{
            "1": "(variable.attack_time > 0)"
          }]
        },
        "1": {
          "transitions":[{
            "0":"(variable.attack_time == 0)"
          }],
          "on_entry":["/tag @s add query.attack_time"]
        }
      }
    },
    "controller.animation.k4.query.is_using_item": {
      "states": {
        "0": {
          "transitions":[{
            "1": "(query.is_using_item)"
          }],
          "on_entry":[
            "/tag @s remove query.is_using_item",
            "/tag @s add query.is_using_item_left"
          ]
        },
        "1": {
          "transitions":[{
            "0":"(!query.is_using_item)"
          }],
          "on_entry":[
            "/tag @s add query.is_using_item",
            "/tag @s remove query.is_using_item_left"
          ]
        }
      }
    },
    "controller.animation.k4.query.is_sprinting": {
      "states": {
        "0": {
          "transitions":[{
            "1": "(query.is_sprinting)"
          }],
          "on_entry":["/tag @s remove query.is_sprinting"]
        },
        "1": {
          "transitions":[{
            "0":"(!query.is_sprinting)"
          }],
          "on_entry":[
            "/tag @s add query.is_sprinting"]
        }
      }
    },
    "controller.animation.k4.query.ride": {
      "states": {
        "0": {
          "transitions":[{
            "1": "(((q.get_ride -> q.owner_identifier) == 'k4:motorcycle.1') || ((q.get_ride -> q.owner_identifier) == 'k4:motorcycle.2') || ((q.get_ride -> q.owner_identifier) == 'k4:motorcycle.3'))"
          }],
          "on_entry":["/tag @s remove query.ride"]
        },
        "1": {
          "transitions":[{
            "0":"(((q.get_ride -> q.owner_identifier) != 'k4:motorcycle.1') && ((q.get_ride -> q.owner_identifier) != 'k4:motorcycle.2') && ((q.get_ride -> q.owner_identifier) != 'k4:motorcycle.3'))"
          }],
          "on_entry":[
            "/tag @s add query.ride"]
        }
      }
    }
  }
}