{

  "format_version": "1.10.0",
  "animation_controllers": {

    "controller.animation.k4.power_attack": {

      "states": {

        "default": {

          "transitions": [{

            "1": "query.is_using_item"

          }],
          "on_entry":[

            "/scoreboard objectives add power_attack dummy",
            "/scoreboard players set @s power_attack 0"

          ]


        },
        "1": {

          "transitions": [{

            "1.2": "!query.is_using_item"

          }],
          "on_entry":[

            "/scoreboard players set @s power_attack 1"

          ]


        },
        "1.2": {

          "transitions": [{

            "default": "(query.scoreboard('power_attack') >= 3)"

          }],
          "on_entry":[

            "/scoreboard players set @s power_attack 2"


          ]



        }


      }


    }


  }


}