{

  "format_version": "1.10.0",
  "animation_controllers": {

    "controller.animation.lian.tick": {

      "states": {

        "0": {

          "transitions":[{

            "1": "(1.0)"


          }],
          "on_entry":[

            "/execute as @s[tag=!start.scores] run scoreboard players set @s hair 0",
            "variable.hair = query.scoreboard('hair');",
            "/execute as @s[tag=!start.scores] run scoreboard players set @s hair_color 0",
            "variable.hair_color = query.scoreboard('hair_color');",
            "/execute as @s[tag=!start.scores] run scoreboard players set @s skin 0",
            "variable.skin = query.scoreboard('skin');",
            "/execute as @s[tag=!start.scores] run scoreboard players set @s scar 0",
            "variable.scar = query.scoreboard('scar');",
            "/execute as @s[tag=!start.scores] run scoreboard players set @s mode 0",
            "variable.mode = query.scoreboard('mode');",
            "/execute as @s[tag=!start.scores] run scoreboard players set @s clothing.1 0",
            "variable.clothing_1 = query.scoreboard('clothing.1');",
            "/execute as @s[tag=!start.scores] run scoreboard players set @s clothing.2 0",
            "variable.clothing_2 = query.scoreboard('clothing.2');",
            "/execute as @s[tag=!start.scores] run scoreboard players set @s clothing.3 0",
            "variable.clothing_3 = query.scoreboard('clothing.3');",
            
            "@s load",
            "/function lian/tick"


          ]


        },

        "1": {

          "transitions":[{

            "0":"(1.0)"


          }]


        }


      }


    }


  }


}