{

  "format_version": "1.17.10",
  "minecraft:item": {

    "description": {"identifier": "lian:skills.3.1", "category":"commands"},
    "components": {

      "tag:fist": {},
      "minecraft:icon": {"texture": "skills.3.1"},
      "minecraft:display_name": {"value": "§e§lInfinite §r§7[Press]\n§e§lFists of Infinity §r§7[hit] -§f§b 20§r§7 of energy."},
      "minecraft:chargeable":{"movement_modifier": 0.0},
      "minecraft:render_offsets": {"main_hand": {"first_person": {"scale":[0, 0, 0]},"third_person": {"scale":[0, 0, 0]}},"off_hand": {"first_person": {"scale":[0, 0, 0]},"third_person": {"scale":[0, 0, 0]}}},
      "minecraft:max_stack_size": 1


    }


  }
  

}