{

  "format_version": "1.13.0", "minecraft:entity": {

    "description": {"identifier": "lian:skills.8.2", "is_spawnable": false, "is_summonable": true, "is_experimental": false, "runtime_identifier": "minecraft:egg",
    "properties": {
        
      "lian:pivot_x": {"client_sync": true, "type": "int", "range": [-999, 999], "default": 0},
      "lian:pivot_y": {"client_sync": true, "type": "int", "range": [-999, 999], "default": 0},
      "lian:pivot_z": {"client_sync": true, "type": "int", "range": [-999, 999], "default": 0}


    }},
    "component_groups": {"kill": {"minecraft:instant_despawn": {}}},
    "components": {
      
      "minecraft:timer": {"time": 40,"looping": true,"time_down_event": {"event": "kill"}},
      "minecraft:projectile": {"on_hit": {"stick_in_ground": {"shake_time": 0.35}}, "power": 1.0, "gravity": 0, "uncertainty_base": 0, "uncertainty_multiplier": 0, "should_bounce": true, "offset": [0, -0.1, 0]},
      "minecraft:knockback_resistance": {"value": 1.0},
      "minecraft:type_family": {"family": ["skills", "not"]},
      "minecraft:collision_box": {"width": -1,"height": -1},
      "minecraft:scale": {"value": 1.0},
      "minecraft:physics": {},
      "minecraft:pushable": {"is_pushable": false,"is_pushable_by_piston": false}


    },
    "events": {"kill": {"add": {"component_groups": ["kill"]}}}


  }


}