{
  "format_version": "1.8.0",
  "minecraft:entity": {
    "description": {
      "identifier": "jujutsu:cadaver1_1",
      "is_spawnable": true,
      "is_summonable": true,
      "is_experimental": false
    },
    "component_groups": {

    },
    "components": {
      // "minecraft:damage_sensor": {"triggers": [{"cause": "entity_attack","deals_damage": false}]},
      "minecraft:on_death": {
        "event": "naruto:kill",
        "target": "self"
      },
      "minecraft:type_family": {
        "family": [ "monster" ]
      },
      "minecraft:loot": {
        "table": "loot_tables/entities/m10.json"
      },
      "minecraft:collision_box": {
        "width": 0.6,
        "height": 1.8
      },
	"minecraft:health": {
	   "value": 50,
	   "max": 50
	},
      "minecraft:can_climb": {
      },
      "minecraft:movement": {
        "value": 0.25
      },
      "minecraft:attack": {
        "damage": 5
      },
      "minecraft:navigation.walk": {
        "can_path_over_water": true,
        "avoid_damage_blocks": true
      },
      "minecraft:knockback_resistance": {
        "value": 0.0
      },
      "minecraft:navigation.climb": {
        "can_float": true
      },
      "minecraft:movement.basic": {
        "value": 2.0
      },
      "minecraft:jump.static": {
        "value": 3.0
      },
      "minecraft:behavior.float": {
        "priority": 0
      },
      "minecraft:breathable": {
        "totalSupply": 15,
        "suffocateTime": -1,
        "inhaleTime": 3.75,
        "generatesBubbles": false
      },
      "minecraft:nameable": {
      },
      "minecraft:behavior.move_towards_restriction": {
        "priority": 5,
        "speed_multiplier": 1
      },
      "minecraft:behavior.melee_attack": {
        "priority": 3,
        "speed_multiplier": 1,
        "track_target": false
      },
      "minecraft:behavior.random_stroll": {
        "priority": 6,
        "speed_multiplier": 1
      },
      "minecraft:behavior.look_at_player": {
        "priority": 7,
        "look_distance": 6,
        "probability": 0.02
      },
      "minecraft:behavior.random_look_around": {
        "priority": 7
      },
      "minecraft:behavior.hurt_by_target": {
        "priority": 1
      },
      "minecraft:behavior.nearest_attackable_target": {
        "priority": 2,
        "within_radius": 25,
        "reselect_targets": true,
        "entity_types": [
          {
            "filters": {
              "any_of": [
                {
                  "test": "is_family",
                  "subject": "other",
                  "value": "player"
                }
              ]
            },
            "max_dist": 35
          },
          {
            "filters": {
              "all_of": [
                {
                  "test": "is_family",
                  "subject": "other",
                  "value": "player"
                },
                {
                  "test": "in_water",
                  "subject": "other",
                  "operator": "!=",
                  "value": true
                }
              ]
            },
            "max_dist": 35
          }
        ],
        "must_see": true,
        "must_see_forget_duration": 17.0
      },
      "minecraft:physics": {
      },
      "minecraft:scaffolding_climber": { }
    },
    "events": {
      "naruto:kill": {
        "run_command": {
          "command": [
            "scoreboard players add @p[r=4,c=2] exp 85",
            "summon jujutsu:soul1",
            "tag add @p[r=3,c=2] soul4_1"
          ]
        }
      }

    }
  }
}