{

  "format_version": "1.13.0", "minecraft:entity": {

    "description": {"identifier": "lian:skills.6.5", "is_spawnable": false, "is_summonable": true, "is_experimental": false},
    "component_groups": {"kill": {"minecraft:instant_despawn": {}}},
    "components": {
      
      "minecraft:knockback_resistance": {"value": 1.0},
      "minecraft:type_family": {"family": ["skills", "not"]},
      "minecraft:collision_box": {"width": -1,"height": -1},
      "minecraft:scale": {"value": 1.5},
      "minecraft:physics": {},
      "minecraft:pushable": {"is_pushable": false,"is_pushable_by_piston": false},
      "minecraft:damage_sensor": {"triggers": [{"cause": "all", "deals_damage": false}]}


    },
    "events": {"expansion.kill": {"add": {"component_groups": ["kill"]}}}


  }


}