{

  "format_version": "1.17.10",
  "minecraft:item": {

    "description": {"identifier": "lian:skills.8.2", "category":"Commands"},
    "components": {

      "tag:ui": {},
      "tag:weapon.11": {},
      "minecraft:damage": 1,
      "minecraft:icon": {"texture":"skills.8.2"},
      "minecraft:display_name": {"value":"§e§lNail marked §r§7[Press] -§b 50§r§7 of energy."},
      "tag:weapon": {},
      "minecraft:weapon": {},
      "minecraft:chargeable":{"movement_modifier": 0.0},
      "minecraft:render_offsets": {"main_hand": {"first_person": {"scale":[0, 0, 0]},"third_person": {"scale":[0, 0, 0]}},"off_hand": {"first_person": {"scale":[0, 0, 0]},"third_person": {"scale":[0, 0, 0]}}},
      "minecraft:max_stack_size": 1


    }


  }
  

}