{
  "format_version": "1.16.0",
  "minecraft:entity": {
    "description": {
      "identifier": "lian:enemy.0.2",
      "is_spawnable": false,
      "is_summonable": true,
      "is_experimental": false, "scripts": {"animate":["1"]}, "animations": {"1":"controller.animation.npc.getTarget"}
    },

    "component_groups": {
	      "despawn": {
			  	"minecraft:instant_despawn": {}
		  	},
        "minecraft:tame": {
        "minecraft:is_tamed": {},
        "minecraft:behavior.follow_owner": {
          "priority": 6,
          "speed_multiplier": 1.3,
          "start_distance": 10,
          "stop_distance": 5
        },
        "minecraft:behavior.owner_hurt_by_target": {
          "priority": 1
        },
        "minecraft:behavior.owner_hurt_target": {
          "priority": 2
        }
      },
      "jujutsu:default": {
        "minecraft:mark_variant": {
          "value": 0
        },
        "minecraft:timer": {
          "time": [4, 8],
          "looping": true,
          "time_down_event": {
            "event": "jujutsu:random_event"
          }
        }
      }
    },

    "components": {
      "minecraft:type_family": {
        "family": [ "mob" ]
      },
      "minecraft:collision_box": {
        "width": 0.6,
        "height": 1.9
      },
      "minecraft:transformation": {
        "into": "jujutsu:despaw",
        "delay": 60.0
      },
      "minecraft:movement.basic": {
      },
      "minecraft:navigation.walk": {
        "is_amphibious": true,
        "can_pass_doors": true,
        "can_walk": true,
        "can_break_doors": true
      },
      "minecraft:jump.static": {
      },
      "minecraft:can_climb": {
      },
      "minecraft:movement": {
        "value": 0.45
      },
      "minecraft:health": {
        "value": 700,
        "max": 700
      },
      "minecraft:hurt_on_condition": {
        "damage_conditions": [
          {
            "filters": { "test": "in_lava", "subject": "self", "operator": "==", "value": true },
            "cause": "lava",
            "damage_per_tick": 4
          }
        ]
      },
      "minecraft:breathable": {
        "total_supply": 15,
        "suffocate_time": 0,
        "breathes_air": true,
        "breathes_water": true
      },
      "minecraft:attack": {
        "damage": 12
      },
      "minecraft:behavior.melee_attack": {
        "priority": 3,
        "speed_multiplier": 1,
        "track_target": false
      },
      "minecraft:behavior.move_towards_restriction": {
        "priority": 5,
        "speed_multiplier": 1
      },
      "minecraft:behavior.random_stroll": {
        "priority": 6,
        "speed_multiplier": 1
      },
      "minecraft:behavior.look_at_player": {
        "priority": 7,
        "look_distance": 6,
        "probability": 0.02
      },
      "minecraft:behavior.random_look_around": {
        "priority": 7
      },
      "minecraft:behavior.hurt_by_target": {
        "priority": 1
      },
      "minecraft:behavior.nearest_attackable_target": {
        "priority": 2,
        "within_radius": 25,
        "entity_types": [
          {
            "filters": {
              "all_of": [
                { "test": "has_tag", "subject": "other", "value": "sclone" }
              ],
              "any_of": [
                { "test": "is_family", "subject": "other", "value": "mob" },
                { "test": "is_family", "subject": "other", "value": "player" }
              ]
            },
            "max_dist": 35
          }
        ],
        "must_see": true
      },
      "minecraft:physics": {
      },
      "minecraft:pushable": {
        "is_pushable": true,
        "is_pushable_by_piston": true
      }
    },
    "events": {
      "minecraft:entity_spawned": {
        "add": {
          "component_groups": [
            "minecraft:tame",
            "jujutsu:default"
          ]
        }
      },
      "minecraft:event_despawn": {
        "add": {
          "component_groups": [
            "despawn"
          ]
        },
      	"run_command": {
      	  "command": [
            "particle jujutsu:sumir ~~~",
            "playsound jujutsu:sumir @a[r=20] ~~~ 1 0.8 0"
	      ],
          "target": "self"
     	}
      },
      "minecraft:on_tame": {
        "add": {
          "component_groups": [
            "minecraft:tame",
            "jujutsu:default"
          ]
        }
      },
      "jujutsu:random_event": {
        "sequence": [
          {
            "randomize": [
              {
                "weight": 40,
                "filters": {
                  "all_of": [
                    { "test": "has_target", "value": true }
                  ]
                },
                "run_command": {
                  "command": [
                    "summon lian:enemy.0.2.2 ~ ~ ~3",
                    "summon lian:enemy.0.2.2 ~ ~ ~4",
                    "summon lian:enemy.0.2.2 ~ ~ ~2"
                  ]
                }
              },
              {
                "weight": 40,
                "filters": {
                  "all_of": [
                    { "test": "has_target", "value": true }
                  ]
                },
                "run_command": {
                  "command": [
                    ""
                  ]
                }
              }
            ]
          }
        ]
      }
    }
  }
}
